<?xml version="1.0" encoding="UTF-8"?>
<metadata xml:lang="en"><Esri><CreaDate>20200805</CreaDate><CreaTime>14032600</CreaTime><ArcGISFormat>1.0</ArcGISFormat><ArcGISstyle>FGDC CSDGM Metadata</ArcGISstyle><SyncOnce>FALSE</SyncOnce><DataProperties><lineage><Process ToolSource="c:\program files (x86)\arcgis\desktop10.2\ArcToolbox\Toolboxes\Data Management Tools.tbx\CalculateField" Date="20170110" Time="140357">CalculateField CMHC_DA_Master_2017 HMIS 0 VB #</Process><Process ToolSource="c:\program files (x86)\arcgis\desktop10.2\ArcToolbox\Toolboxes\Data Management Tools.tbx\CalculateField" Date="20170110" Time="140403">CalculateField CMHC_DA_Master_2017 HMIP 0 VB #</Process><Process ToolSource="c:\program files (x86)\arcgis\desktop10.2\ArcToolbox\Toolboxes\Data Management Tools.tbx\CalculateField" Date="20170110" Time="144523">CalculateField CMHC_DA_Master_2017 METNBHD_UID Null VB #</Process><Process ToolSource="c:\program files (x86)\arcgis\desktop10.2\ArcToolbox\Toolboxes\Data Management Tools.tbx\CalculateField" Date="20170110" Time="144534">CalculateField CMHC_DA_Master_2017 NBHD_CODE Null VB #</Process><Process ToolSource="c:\program files (x86)\arcgis\desktop10.2\ArcToolbox\Toolboxes\Data Management Tools.tbx\CalculateField" Date="20170110" Time="144545">CalculateField CMHC_DA_Master_2017 NBHD_NAME_EN Null VB #</Process><Process ToolSource="c:\program files (x86)\arcgis\desktop10.2\ArcToolbox\Toolboxes\Data Management Tools.tbx\CalculateField" Date="20170110" Time="144555">CalculateField CMHC_DA_Master_2017 NBHD_NAME_LONG_EN Null VB #</Process><Process ToolSource="c:\program files (x86)\arcgis\desktop10.2\ArcToolbox\Toolboxes\Data Management Tools.tbx\CalculateField" Date="20170110" Time="144605">CalculateField CMHC_DA_Master_2017 NBHD_NAME_FR Null VB #</Process><Process ToolSource="c:\program files (x86)\arcgis\desktop10.2\ArcToolbox\Toolboxes\Data Management Tools.tbx\CalculateField" Date="20170110" Time="144616">CalculateField CMHC_DA_Master_2017 NBHD_NAME_LONG_FR Null VB #</Process><Process ToolSource="c:\program files (x86)\arcgis\desktop10.2\ArcToolbox\Toolboxes\Data Management Tools.tbx\CalculateField" Date="20170110" Time="145148">CalculateField CMHC_DA_Master_2017 NBHD_CODE Null VB #</Process><Process ToolSource="c:\program files (x86)\arcgis\desktop10.2\ArcToolbox\Toolboxes\Data Management Tools.tbx\CalculateField" Date="20170110" Time="145154">CalculateField CMHC_DA_Master_2017 METNBHD_UID Null VB #</Process><Process ToolSource="c:\program files (x86)\arcgis\desktop10.2\ArcToolbox\Toolboxes\Data Management Tools.tbx\CalculateField" Date="20170110" Time="145203">CalculateField CMHC_DA_Master_2017 NBHD_NAME_EN Null VB #</Process><Process ToolSource="c:\program files (x86)\arcgis\desktop10.2\ArcToolbox\Toolboxes\Data Management Tools.tbx\CalculateField" Date="20170110" Time="145212">CalculateField CMHC_DA_Master_2017 NBHD_NAME_LONG_EN Null VB #</Process><Process ToolSource="c:\program files (x86)\arcgis\desktop10.2\ArcToolbox\Toolboxes\Data Management Tools.tbx\CalculateField" Date="20170110" Time="145218">CalculateField CMHC_DA_Master_2017 NBHD_NAME_FR Null VB #</Process><Process ToolSource="c:\program files (x86)\arcgis\desktop10.2\ArcToolbox\Toolboxes\Data Management Tools.tbx\CalculateField" Date="20170110" Time="145224">CalculateField CMHC_DA_Master_2017 NBHD_NAME_LONG_FR Null VB #</Process><Process ToolSource="c:\program files (x86)\arcgis\desktop10.2\ArcToolbox\Toolboxes\Data Management Tools.tbx\CalculateField" Date="20170110" Time="151648">CalculateField CMHC_DA_Master_2017 METNBHD_UID "!MET_CODE! + !NBHD_CODE!" PYTHON_9.3 #</Process><Process ToolSource="c:\program files (x86)\arcgis\desktop10.2\ArcToolbox\Toolboxes\Data Management Tools.tbx\CalculateField" Date="20170110" Time="212505">CalculateField CMHC_DA_Master_2017 METCONDO_UID "!MET_CODE! + !CONDO_ZONE!" PYTHON_9.3 #</Process><Process ToolSource="c:\program files (x86)\arcgis\desktop10.2\ArcToolbox\Toolboxes\Data Management Tools.tbx\CalculateField" Date="20170110" Time="212734">CalculateField CMHC_DA_Master_2017 METCONDO_UID "!MET_CODE! + !CONDO_ZONE!" PYTHON_9.3 #</Process><Process ToolSource="c:\program files (x86)\arcgis\desktop10.2\ArcToolbox\Toolboxes\Data Management Tools.tbx\CalculateField" Date="20170111" Time="094909">CalculateField CMHC_DA_Master_2017 HMIP "1" VB #</Process><Process ToolSource="c:\program files (x86)\arcgis\desktop10.2\ArcToolbox\Toolboxes\Data Management Tools.tbx\CalculateField" Date="20170111" Time="095052">CalculateField CMHC_DA_Master_2017 HMIP "1" VB #</Process><Process ToolSource="c:\program files (x86)\arcgis\desktop10.2\ArcToolbox\Toolboxes\Data Management Tools.tbx\CalculateField" Date="20170111" Time="095142">CalculateField CMHC_DA_Master_2017 HMIP "1" VB #</Process><Process ToolSource="c:\program files (x86)\arcgis\desktop10.2\ArcToolbox\Toolboxes\Data Management Tools.tbx\CalculateField" Date="20170111" Time="095327">CalculateField CMHC_DA_Master_2017 HMIP "1" VB #</Process><Process ToolSource="c:\program files (x86)\arcgis\desktop10.2\ArcToolbox\Toolboxes\Data Management Tools.tbx\CalculateField" Date="20170111" Time="095336">CalculateField CMHC_DA_Master_2017 HMIP "1" VB #</Process><Process ToolSource="c:\program files (x86)\arcgis\desktop10.2\ArcToolbox\Toolboxes\Data Management Tools.tbx\CalculateField" Date="20170111" Time="095404">CalculateField CMHC_DA_Master_2017 HMIP "1" VB #</Process><Process ToolSource="c:\program files (x86)\arcgis\desktop10.2\ArcToolbox\Toolboxes\Data Management Tools.tbx\CalculateField" Date="20170111" Time="095418">CalculateField CMHC_DA_Master_2017 HMIP "1" VB #</Process><Process ToolSource="c:\program files (x86)\arcgis\desktop10.2\ArcToolbox\Toolboxes\Data Management Tools.tbx\CalculateField" Date="20170111" Time="095430">CalculateField CMHC_DA_Master_2017 HMIP "1" VB #</Process><Process ToolSource="c:\program files (x86)\arcgis\desktop10.2\ArcToolbox\Toolboxes\Data Management Tools.tbx\CalculateField" Date="20170111" Time="095448">CalculateField CMHC_DA_Master_2017 HMIP null VB #</Process><Process ToolSource="c:\program files (x86)\arcgis\desktop10.2\ArcToolbox\Toolboxes\Data Management Tools.tbx\CalculateField" Date="20170111" Time="095602">CalculateField CMHC_DA_Master_2017 HMIP "1" VB #</Process><Process ToolSource="c:\program files (x86)\arcgis\desktop10.2\ArcToolbox\Toolboxes\Data Management Tools.tbx\CalculateField" Date="20170111" Time="095656">CalculateField CMHC_DA_Master_2017 HMIP "1" VB #</Process><Process ToolSource="c:\program files (x86)\arcgis\desktop10.2\ArcToolbox\Toolboxes\Data Management Tools.tbx\CalculateField" Date="20170111" Time="095734">CalculateField CMHC_DA_Master_2017 HMIP "1" VB #</Process><Process ToolSource="c:\program files (x86)\arcgis\desktop10.2\ArcToolbox\Toolboxes\Data Management Tools.tbx\CalculateField" Date="20170111" Time="095843">CalculateField CMHC_DA_Master_2017 HMIP null VB #</Process><Process ToolSource="c:\program files (x86)\arcgis\desktop10.2\ArcToolbox\Toolboxes\Data Management Tools.tbx\CalculateField" Date="20170111" Time="100015">CalculateField CMHC_DA_Master_2017 HMIP "1" VB #</Process><Process ToolSource="c:\program files (x86)\arcgis\desktop10.2\ArcToolbox\Toolboxes\Data Management Tools.tbx\CalculateField" Date="20170111" Time="100045">CalculateField CMHC_DA_Master_2017 HMIP "1" VB #</Process><Process ToolSource="c:\program files (x86)\arcgis\desktop10.2\ArcToolbox\Toolboxes\Data Management Tools.tbx\CalculateField" Date="20170111" Time="100056">CalculateField CMHC_DA_Master_2017 HMIP "1" VB #</Process><Process ToolSource="c:\program files (x86)\arcgis\desktop10.2\ArcToolbox\Toolboxes\Data Management Tools.tbx\CalculateField" Date="20170111" Time="100120">CalculateField CMHC_DA_Master_2017 HMIP "1" VB #</Process><Process ToolSource="c:\program files (x86)\arcgis\desktop10.2\ArcToolbox\Toolboxes\Data Management Tools.tbx\CalculateField" Date="20170111" Time="100203">CalculateField CMHC_DA_Master_2017 HMIP "1" VB #</Process><Process ToolSource="c:\program files (x86)\arcgis\desktop10.2\ArcToolbox\Toolboxes\Data Management Tools.tbx\CalculateField" Date="20170111" Time="100219">CalculateField CMHC_DA_Master_2017 HMIP "1" VB #</Process><Process ToolSource="c:\program files (x86)\arcgis\desktop10.2\ArcToolbox\Toolboxes\Data Management Tools.tbx\CalculateField" Date="20170111" Time="100230">CalculateField CMHC_DA_Master_2017 HMIP "1" VB #</Process><Process ToolSource="c:\program files (x86)\arcgis\desktop10.2\ArcToolbox\Toolboxes\Data Management Tools.tbx\CalculateField" Date="20170111" Time="100331">CalculateField CMHC_DA_Master_2017 HMIP "1" VB #</Process><Process ToolSource="c:\program files (x86)\arcgis\desktop10.2\ArcToolbox\Toolboxes\Data Management Tools.tbx\CalculateField" Date="20170111" Time="100358">CalculateField CMHC_DA_Master_2017 HMIP "1" VB #</Process><Process ToolSource="c:\program files (x86)\arcgis\desktop10.2\ArcToolbox\Toolboxes\Data Management Tools.tbx\CalculateField" Date="20170111" Time="100411">CalculateField CMHC_DA_Master_2017 HMIP "1" VB #</Process><Process ToolSource="c:\program files (x86)\arcgis\desktop10.2\ArcToolbox\Toolboxes\Data Management Tools.tbx\CalculateField" Date="20170111" Time="100425">CalculateField CMHC_DA_Master_2017 HMIP "1" VB #</Process><Process ToolSource="c:\program files (x86)\arcgis\desktop10.2\ArcToolbox\Toolboxes\Data Management Tools.tbx\CalculateField" Date="20170111" Time="100433">CalculateField CMHC_DA_Master_2017 HMIP "1" VB #</Process><Process ToolSource="c:\program files (x86)\arcgis\desktop10.2\ArcToolbox\Toolboxes\Data Management Tools.tbx\CalculateField" Date="20170111" Time="100552">CalculateField CMHC_DA_Master_2017 HMIP "1" VB #</Process><Process ToolSource="c:\program files (x86)\arcgis\desktop10.2\ArcToolbox\Toolboxes\Data Management Tools.tbx\CalculateField" Date="20170111" Time="100606">CalculateField CMHC_DA_Master_2017 HMIP "1" VB #</Process><Process ToolSource="c:\program files (x86)\arcgis\desktop10.2\ArcToolbox\Toolboxes\Data Management Tools.tbx\CalculateField" Date="20170111" Time="100618">CalculateField CMHC_DA_Master_2017 HMIP "1" VB #</Process><Process ToolSource="c:\program files (x86)\arcgis\desktop10.2\ArcToolbox\Toolboxes\Data Management Tools.tbx\CalculateField" Date="20170111" Time="100645">CalculateField CMHC_DA_Master_2017 HMIP "1" VB #</Process><Process ToolSource="c:\program files (x86)\arcgis\desktop10.2\ArcToolbox\Toolboxes\Data Management Tools.tbx\CalculateField" Date="20170111" Time="100657">CalculateField CMHC_DA_Master_2017 HMIP "1" VB #</Process><Process ToolSource="c:\program files (x86)\arcgis\desktop10.2\ArcToolbox\Toolboxes\Data Management Tools.tbx\CalculateField" Date="20170111" Time="100715">CalculateField CMHC_DA_Master_2017 HMIP "1" VB #</Process><Process ToolSource="c:\program files (x86)\arcgis\desktop10.2\ArcToolbox\Toolboxes\Data Management Tools.tbx\CalculateField" Date="20170111" Time="100738">CalculateField CMHC_DA_Master_2017 HMIP "1" VB #</Process><Process ToolSource="c:\program files (x86)\arcgis\desktop10.2\ArcToolbox\Toolboxes\Data Management Tools.tbx\CalculateField" Date="20170111" Time="100743">CalculateField CMHC_DA_Master_2017 HMIP "1" VB #</Process><Process ToolSource="c:\program files (x86)\arcgis\desktop10.2\ArcToolbox\Toolboxes\Data Management Tools.tbx\CalculateField" Date="20170111" Time="100823">CalculateField CMHC_DA_Master_2017 HMIP "1" VB #</Process><Process ToolSource="c:\program files (x86)\arcgis\desktop10.2\ArcToolbox\Toolboxes\Data Management Tools.tbx\CalculateField" Date="20170111" Time="100833">CalculateField CMHC_DA_Master_2017 HMIP "1" VB #</Process><Process ToolSource="c:\program files (x86)\arcgis\desktop10.2\ArcToolbox\Toolboxes\Data Management Tools.tbx\CalculateField" Date="20170111" Time="100912">CalculateField CMHC_DA_Master_2017 HMIP "1" VB #</Process><Process ToolSource="c:\program files (x86)\arcgis\desktop10.2\ArcToolbox\Toolboxes\Data Management Tools.tbx\CalculateField" Date="20170111" Time="100928">CalculateField CMHC_DA_Master_2017 HMIP "1" VB #</Process><Process ToolSource="c:\program files (x86)\arcgis\desktop10.2\ArcToolbox\Toolboxes\Data Management Tools.tbx\CalculateField" Date="20170111" Time="100937">CalculateField CMHC_DA_Master_2017 HMIP "1" VB #</Process><Process ToolSource="c:\program files (x86)\arcgis\desktop10.2\ArcToolbox\Toolboxes\Data Management Tools.tbx\CalculateField" Date="20170111" Time="100958">CalculateField CMHC_DA_Master_2017 HMIP null VB #</Process><Process ToolSource="c:\program files (x86)\arcgis\desktop10.2\ArcToolbox\Toolboxes\Data Management Tools.tbx\CalculateField" Date="20170113" Time="120809">CalculateField CMHC_DA_Master_2017 CMHC_CT_CODE "9017.02" VB #</Process><Process ToolSource="c:\program files (x86)\arcgis\desktop10.2\ArcToolbox\Toolboxes\Data Management Tools.tbx\CalculateField" Date="20170113" Time="120816">CalculateField CMHC_DA_Master_2017 CMHC_CT_NAME "9017.02" VB #</Process><Process ToolSource="c:\program files (x86)\arcgis\desktop10.2\ArcToolbox\Toolboxes\Data Management Tools.tbx\CalculateField" Date="20170113" Time="120839">CalculateField CMHC_DA_Master_2017 METCT_UID "24109017.02" VB #</Process><Process ToolSource="c:\program files (x86)\arcgis\desktop10.2\ArcToolbox\Toolboxes\Data Management Tools.tbx\CalculateField" Date="20170113" Time="125813">CalculateField CMHC_DA_Master_2017 CMHC_CSDUID [CSDUID] VB #</Process><Process ToolSource="c:\program files (x86)\arcgis\desktop10.2\ArcToolbox\Toolboxes\Data Management Tools.tbx\CalculateField" Date="20170117" Time="114820">CalculateField CMHC_DA_Master_2017 NBHD_CODE "450" VB #</Process><Process ToolSource="c:\program files (x86)\arcgis\desktop10.2\ArcToolbox\Toolboxes\Data Management Tools.tbx\CalculateField" Date="20170117" Time="114917">CalculateField CMHC_DA_Master_2017 NBHD_NAME_EN "Northeastern Sector" VB #</Process><Process ToolSource="c:\program files (x86)\arcgis\desktop10.2\ArcToolbox\Toolboxes\Data Management Tools.tbx\CalculateField" Date="20170117" Time="114920">CalculateField CMHC_DA_Master_2017 NBHD_NAME_LONG_EN "Northeastern Sector" VB #</Process><Process ToolSource="c:\program files (x86)\arcgis\desktop10.2\ArcToolbox\Toolboxes\Data Management Tools.tbx\CalculateField" Date="20170117" Time="114931">CalculateField CMHC_DA_Master_2017 NBHD_NAME_FR "Secteur Nord-Est" VB #</Process><Process ToolSource="c:\program files (x86)\arcgis\desktop10.2\ArcToolbox\Toolboxes\Data Management Tools.tbx\CalculateField" Date="20170117" Time="114937">CalculateField CMHC_DA_Master_2017 NBHD_NAME_LONG_FR "Secteur Nord-Est" VB #</Process><Process ToolSource="c:\program files (x86)\arcgis\desktop10.2\ArcToolbox\Toolboxes\Data Management Tools.tbx\CalculateField" Date="20170117" Time="114955">CalculateField CMHC_DA_Master_2017 METNBHD_UID "5400900" VB #</Process><Process ToolSource="c:\program files (x86)\arcgis\desktop10.2\ArcToolbox\Toolboxes\Data Management Tools.tbx\CalculateField" Date="20170117" Time="141429">CalculateField CMHC_DA_Master_2017 HMIP "1" VB #</Process><Process ToolSource="c:\program files (x86)\arcgis\desktop10.2\ArcToolbox\Toolboxes\Data Management Tools.tbx\CalculateField" Date="20170117" Time="141635">CalculateField CMHC_DA_Master_2017 HMIP "0" VB #</Process><Process ToolSource="c:\program files (x86)\arcgis\desktop10.2\ArcToolbox\Toolboxes\Data Management Tools.tbx\CalculateField" Date="20170117" Time="144043">CalculateField CMHC_DA_Master_2017 HMIP "1" VB #</Process><Process ToolSource="c:\program files (x86)\arcgis\desktop10.2\ArcToolbox\Toolboxes\Data Management Tools.tbx\CalculateField" Date="20170117" Time="144131">CalculateField CMHC_DA_Master_2017 HMIP "1" VB #</Process><Process ToolSource="c:\program files (x86)\arcgis\desktop10.2\ArcToolbox\Toolboxes\Data Management Tools.tbx\CalculateField" Date="20170117" Time="144159">CalculateField CMHC_DA_Master_2017 HMIP "1" VB #</Process><Process ToolSource="c:\program files (x86)\arcgis\desktop10.2\ArcToolbox\Toolboxes\Data Management Tools.tbx\CalculateField" Date="20170117" Time="144230">CalculateField CMHC_DA_Master_2017 HMIP "1" VB #</Process><Process ToolSource="c:\program files (x86)\arcgis\desktop10.2\ArcToolbox\Toolboxes\Data Management Tools.tbx\CalculateField" Date="20170117" Time="144428">CalculateField CMHC_DA_Master_2017 HMIP "1" VB #</Process><Process ToolSource="c:\program files (x86)\arcgis\desktop10.2\ArcToolbox\Toolboxes\Data Management Tools.tbx\CalculateField" Date="20170117" Time="145118">CalculateField CMHC_DA_Master_2017 HMIP "0" VB #</Process><Process ToolSource="c:\program files (x86)\arcgis\desktop10.2\ArcToolbox\Toolboxes\Data Management Tools.tbx\CalculateField" Date="20170117" Time="145236">CalculateField CMHC_DA_Master_2017 HMIP "1" VB #</Process><Process ToolSource="c:\program files (x86)\arcgis\desktop10.2\ArcToolbox\Toolboxes\Data Management Tools.tbx\CalculateField" Date="20170117" Time="145248">CalculateField CMHC_DA_Master_2017 CMHC_CSDUID "4816999" VB #</Process><Process ToolSource="c:\program files (x86)\arcgis\desktop10.2\ArcToolbox\Toolboxes\Data Management Tools.tbx\CalculateField" Date="20170117" Time="145705">CalculateField CMHC_DA_Master_2017 CMHC_CSDUID "5909998" VB #</Process><Process ToolSource="c:\program files (x86)\arcgis\desktop10.2\ArcToolbox\Toolboxes\Data Management Tools.tbx\CalculateField" Date="20170117" Time="160634">CalculateField CMHC_DA_Master_2017 HMIP "0" VB #</Process><Process ToolSource="c:\program files (x86)\arcgis\desktop10.2\ArcToolbox\Toolboxes\Data Management Tools.tbx\CalculateField" Date="20170117" Time="160942">CalculateField CMHC_DA_Master_2017 HMIP "0" VB #</Process><Process ToolSource="c:\program files (x86)\arcgis\desktop10.2\ArcToolbox\Toolboxes\Data Management Tools.tbx\CalculateField" Date="20170117" Time="161038">CalculateField CMHC_DA_Master_2017 HMIP "0" VB #</Process><Process ToolSource="c:\program files (x86)\arcgis\desktop10.2\ArcToolbox\Toolboxes\Data Management Tools.tbx\CalculateField" Date="20170117" Time="161144">CalculateField CMHC_DA_Master_2017 HMIP "0" VB #</Process><Process ToolSource="c:\program files (x86)\arcgis\desktop10.2\ArcToolbox\Toolboxes\Data Management Tools.tbx\CalculateField" Date="20170117" Time="162537">CalculateField CMHC_DA_Master_2017 HMIP "0" VB #</Process><Process ToolSource="c:\program files (x86)\arcgis\desktop10.2\ArcToolbox\Toolboxes\Data Management Tools.tbx\CalculateField" Date="20170117" Time="162646">CalculateField CMHC_DA_Master_2017 HMIP "0" VB #</Process><Process ToolSource="c:\program files (x86)\arcgis\desktop10.2\ArcToolbox\Toolboxes\Data Management Tools.tbx\CalculateField" Date="20170117" Time="162710">CalculateField CMHC_DA_Master_2017 HMIP "0" VB #</Process><Process ToolSource="c:\program files (x86)\arcgis\desktop10.2\ArcToolbox\Toolboxes\Data Management Tools.tbx\CalculateField" Date="20170117" Time="162752">CalculateField CMHC_DA_Master_2017 HMIP "0" VB #</Process><Process ToolSource="c:\program files (x86)\arcgis\desktop10.2\ArcToolbox\Toolboxes\Data Management Tools.tbx\CalculateField" Date="20170117" Time="162841">CalculateField CMHC_DA_Master_2017 HMIP "0" VB #</Process><Process ToolSource="c:\program files (x86)\arcgis\desktop10.2\ArcToolbox\Toolboxes\Data Management Tools.tbx\CalculateField" Date="20170117" Time="162948">CalculateField CMHC_DA_Master_2017 HMIP "0" VB #</Process><Process ToolSource="c:\program files (x86)\arcgis\desktop10.2\ArcToolbox\Toolboxes\Data Management Tools.tbx\CalculateField" Date="20170117" Time="163114">CalculateField CMHC_DA_Master_2017 HMIP "0" VB #</Process><Process ToolSource="c:\program files (x86)\arcgis\desktop10.2\ArcToolbox\Toolboxes\Data Management Tools.tbx\CalculateField" Date="20170117" Time="163142">CalculateField CMHC_DA_Master_2017 HMIP "0" VB #</Process><Process ToolSource="c:\program files (x86)\arcgis\desktop10.2\ArcToolbox\Toolboxes\Data Management Tools.tbx\CalculateField" Date="20170117" Time="163237">CalculateField CMHC_DA_Master_2017 HMIP "0" VB #</Process><Process ToolSource="c:\program files (x86)\arcgis\desktop10.2\ArcToolbox\Toolboxes\Data Management Tools.tbx\CalculateField" Date="20170117" Time="213915">CalculateField CMHC_DA_Master_2017 HMIP "0" VB #</Process><Process ToolSource="c:\program files (x86)\arcgis\desktop10.2\ArcToolbox\Toolboxes\Data Management Tools.tbx\CalculateField" Date="20170117" Time="224138">CalculateField CMHC_DA_Master_2017 ZONE_CODE "01" VB #</Process><Process ToolSource="c:\program files (x86)\arcgis\desktop10.2\ArcToolbox\Toolboxes\Data Management Tools.tbx\CalculateField" Date="20170117" Time="224229">CalculateField CMHC_DA_Master_2017 METZONE_UID "342001" VB #</Process><Process ToolSource="c:\program files (x86)\arcgis\desktop10.2\ArcToolbox\Toolboxes\Data Management Tools.tbx\CalculateField" Date="20170117" Time="224448">CalculateField CMHC_DA_Master_2017 ZONE_NAME_EN "City Centre" VB #</Process><Process ToolSource="c:\program files (x86)\arcgis\desktop10.2\ArcToolbox\Toolboxes\Data Management Tools.tbx\CalculateField" Date="20170117" Time="224453">CalculateField CMHC_DA_Master_2017 ZONE_NAME_LONG_EN "City Centre" VB #</Process><Process ToolSource="c:\program files (x86)\arcgis\desktop10.2\ArcToolbox\Toolboxes\Data Management Tools.tbx\CalculateField" Date="20170117" Time="224511">CalculateField CMHC_DA_Master_2017 ZONE_NAME_FR "Centre-ville" VB #</Process><Process ToolSource="c:\program files (x86)\arcgis\desktop10.2\ArcToolbox\Toolboxes\Data Management Tools.tbx\CalculateField" Date="20170117" Time="224517">CalculateField CMHC_DA_Master_2017 ZONE_NAME_LONG_FR "Centre-ville" VB #</Process><Process ToolSource="c:\program files (x86)\arcgis\desktop10.2\ArcToolbox\Toolboxes\Data Management Tools.tbx\CalculateField" Date="20170118" Time="151809">CalculateField CMHC_DA_Master_2017 NBHD_NAME_FR "Uptown" VB #</Process><Process ToolSource="c:\program files (x86)\arcgis\desktop10.2\ArcToolbox\Toolboxes\Data Management Tools.tbx\CalculateField" Date="20170118" Time="151816">CalculateField CMHC_DA_Master_2017 NBHD_NAME_LONG_FR "Uptown" VB #</Process><Process ToolSource="c:\program files (x86)\arcgis\desktop10.2\ArcToolbox\Toolboxes\Data Management Tools.tbx\CalculateField" Date="20170120" Time="113050">CalculateField CMHC_DA_Master_2017 HMIS "1" VB #</Process><Process ToolSource="c:\program files (x86)\arcgis\desktop10.2\ArcToolbox\Toolboxes\Data Management Tools.tbx\CalculateField" Date="20170120" Time="113107">CalculateField CMHC_DA_Master_2017 CMHC_CT_CODE "9000.00" VB #</Process><Process ToolSource="c:\program files (x86)\arcgis\desktop10.2\ArcToolbox\Toolboxes\Data Management Tools.tbx\CalculateField" Date="20170120" Time="113113">CalculateField CMHC_DA_Master_2017 CMHC_CT_NAME "9000.00" VB #</Process><Process ToolSource="c:\program files (x86)\arcgis\desktop10.2\ArcToolbox\Toolboxes\Data Management Tools.tbx\CalculateField" Date="20170120" Time="113147">CalculateField CMHC_DA_Master_2017 METCT_UID "05809000.00" VB #</Process><Process ToolSource="c:\program files (x86)\arcgis\desktop10.2\ArcToolbox\Toolboxes\Data Management Tools.tbx\CalculateField" Date="20170120" Time="113433">CalculateField CMHC_DA_Master_2017 CMHC_CSDUID "1209034" VB #</Process><Process ToolSource="c:\program files (x86)\arcgis\desktop10.2\ArcToolbox\Toolboxes\Data Management Tools.tbx\CalculateField" Date="20170120" Time="114304">CalculateField CMHC_DA_Master_2017 Senior_ZONE_NAME_EN "Haute-Ville" VB #</Process><Process ToolSource="c:\program files (x86)\arcgis\desktop10.2\ArcToolbox\Toolboxes\Data Management Tools.tbx\CalculateField" Date="20170120" Time="114307">CalculateField CMHC_DA_Master_2017 Senior_ZONE_NAME_FR "Haute-Ville" VB #</Process><Process ToolSource="c:\program files (x86)\arcgis\desktop10.2\ArcToolbox\Toolboxes\Data Management Tools.tbx\CalculateField" Date="20170120" Time="115642">CalculateField CMHC_DA_Master_2017 HMIS "1" VB #</Process><Process ToolSource="c:\program files (x86)\arcgis\desktop10.2\ArcToolbox\Toolboxes\Data Management Tools.tbx\CalculateField" Date="20170120" Time="120120">CalculateField CMHC_DA_Master_2017 HMIP "0" VB #</Process><Process ToolSource="c:\program files (x86)\arcgis\desktop10.2\ArcToolbox\Toolboxes\Data Management Tools.tbx\CalculateField" Date="20170120" Time="120633">CalculateField CMHC_DA_Master_2017 HMIS "1" VB #</Process><Process ToolSource="c:\program files (x86)\arcgis\desktop10.2\ArcToolbox\Toolboxes\Data Management Tools.tbx\CalculateField" Date="20170120" Time="121833">CalculateField CMHC_DA_Master_2017 HMIP "1" VB #</Process><Process ToolSource="c:\program files (x86)\arcgis\desktop10.2\ArcToolbox\Toolboxes\Data Management Tools.tbx\CalculateField" Date="20170120" Time="123357">CalculateField CMHC_DA_Master_2017 HMIP "0" VB #</Process><Process ToolSource="c:\program files (x86)\arcgis\desktop10.2\ArcToolbox\Toolboxes\Data Management Tools.tbx\CalculateField" Date="20170120" Time="123430">CalculateField CMHC_DA_Master_2017 HMIS "0" VB #</Process><Process ToolSource="c:\program files (x86)\arcgis\desktop10.2\ArcToolbox\Toolboxes\Data Management Tools.tbx\CalculateField" Date="20170120" Time="124506">CalculateField CMHC_DA_Master_2017 MET_CT_FLAG "Y" VB #</Process><Process ToolSource="c:\program files (x86)\arcgis\desktop10.2\ArcToolbox\Toolboxes\Data Management Tools.tbx\CalculateField" Date="20170120" Time="124919">CalculateField CMHC_DA_Master_2017 HMIS "1" VB #</Process><Process ToolSource="c:\program files (x86)\arcgis\desktop10.2\ArcToolbox\Toolboxes\Data Management Tools.tbx\CalculateField" Date="20170120" Time="124938">CalculateField CMHC_DA_Master_2017 HMIS "0" VB #</Process><Process ToolSource="c:\program files (x86)\arcgis\desktop10.2\ArcToolbox\Toolboxes\Data Management Tools.tbx\CalculateField" Date="20170120" Time="125111">CalculateField CMHC_DA_Master_2017 HMIP "0" VB #</Process><Process ToolSource="c:\program files (x86)\arcgis\desktop10.2\ArcToolbox\Toolboxes\Data Management Tools.tbx\CalculateField" Date="20170123" Time="134133">CalculateField CMHC_DA_Master_2017 HMIP "1" VB #</Process><Process ToolSource="c:\program files (x86)\arcgis\desktop10.2\ArcToolbox\Toolboxes\Data Management Tools.tbx\CalculateField" Date="20170124" Time="152334">CalculateField CMHC_DA_Master_2017 HMIP_CSD "0" VB #</Process><Process ToolSource="c:\program files (x86)\arcgis\desktop10.2\ArcToolbox\Toolboxes\Data Management Tools.tbx\CalculateField" Date="20170309" Time="113158">CalculateField CMHC_DA_Master_2017 HN_Zone str(int( !METHN_UID![4:] ) + 1) PYTHON_9.3 #</Process><Process ToolSource="c:\program files (x86)\arcgis\desktop10.2\ArcToolbox\Toolboxes\Data Management Tools.tbx\CalculateField" Date="20170309" Time="113238">CalculateField CMHC_DA_Master_2017 METHN_UID "!HN_MET_CODE! + !HN_Zone!" PYTHON_9.3 #</Process><Process ToolSource="c:\program files (x86)\arcgis\desktop10.2\ArcToolbox\Toolboxes\Data Management Tools.tbx\CalculateField" Date="20170309" Time="113323">CalculateField CMHC_DA_Master_2017 HN_Name_EN "Zone 19.2" PYTHON_9.3 #</Process><Process ToolSource="c:\program files (x86)\arcgis\desktop10.2\ArcToolbox\Toolboxes\Data Management Tools.tbx\CalculateField" Date="20170309" Time="113327">CalculateField CMHC_DA_Master_2017 HN_Name_FR "Zone 19.2" PYTHON_9.3 #</Process><Process ToolSource="c:\program files (x86)\arcgis\desktop10.2\ArcToolbox\Toolboxes\Data Management Tools.tbx\CalculateField" Date="20170309" Time="113713">CalculateField CMHC_DA_Master_2017 HN_Name_EN "Zone 19.1" PYTHON_9.3 #</Process><Process ToolSource="c:\program files (x86)\arcgis\desktop10.2\ArcToolbox\Toolboxes\Data Management Tools.tbx\CalculateField" Date="20170309" Time="113718">CalculateField CMHC_DA_Master_2017 HN_Name_FR "Zone 19.1" PYTHON_9.3 #</Process><Process ToolSource="c:\program files (x86)\arcgis\desktop10.2\ArcToolbox\Toolboxes\Data Management Tools.tbx\CalculateField" Date="20170321" Time="084418">CalculateField CMHC_DA_Master_2017 Senior_ZONE_NAME_EN "Saint-Jean-sur-Richelieu" VB #</Process><Process ToolSource="c:\program files (x86)\arcgis\desktop10.2\ArcToolbox\Toolboxes\Data Management Tools.tbx\CalculateField" Date="20170321" Time="084444">CalculateField CMHC_DA_Master_2017 Senior_ZONE_NAME_FR "Saint-Jean-sur-Richelieu" VB #</Process><Process ToolSource="c:\program files (x86)\arcgis\desktop10.2\ArcToolbox\Toolboxes\Data Management Tools.tbx\CalculateField" Date="20170321" Time="084520">CalculateField CMHC_DA_Master_2017 Senior_INT2_NAME_EN "Montreal RMR" VB #</Process><Process ToolSource="c:\program files (x86)\arcgis\desktop10.2\ArcToolbox\Toolboxes\Data Management Tools.tbx\CalculateField" Date="20170321" Time="084524">CalculateField CMHC_DA_Master_2017 Senior_INT1_NAME_EN "Montreal RMR" VB #</Process><Process ToolSource="c:\program files (x86)\arcgis\desktop10.2\ArcToolbox\Toolboxes\Data Management Tools.tbx\CalculateField" Date="20170321" Time="084546">CalculateField CMHC_DA_Master_2017 Senior_INT2_NAME_EN "Montreal CMA" VB #</Process><Process ToolSource="c:\program files (x86)\arcgis\desktop10.2\ArcToolbox\Toolboxes\Data Management Tools.tbx\CalculateField" Date="20170321" Time="084550">CalculateField CMHC_DA_Master_2017 Senior_INT1_NAME_EN "Montreal CMA" VB #</Process><Process ToolSource="c:\program files (x86)\arcgis\desktop10.2\ArcToolbox\Toolboxes\Data Management Tools.tbx\CalculateField" Date="20170321" Time="084602">CalculateField CMHC_DA_Master_2017 Senior_INT2_NAME_FR "RMR de Montréal" VB #</Process><Process ToolSource="c:\program files (x86)\arcgis\desktop10.2\ArcToolbox\Toolboxes\Data Management Tools.tbx\CalculateField" Date="20170321" Time="084606">CalculateField CMHC_DA_Master_2017 Senior_INT1_NAME_FR "RMR de Montréal" VB #</Process><Process ToolSource="c:\program files (x86)\arcgis\desktop10.2\ArcToolbox\Toolboxes\Data Management Tools.tbx\CalculateField" Date="20170321" Time="090548">CalculateField CMHC_DA_Master_2017 Senior_ZONE_NAME_EN "Lethbridge CMA" VB #</Process><Process ToolSource="c:\program files (x86)\arcgis\desktop10.2\ArcToolbox\Toolboxes\Data Management Tools.tbx\CalculateField" Date="20170321" Time="090601">CalculateField CMHC_DA_Master_2017 Senior_ZONE_NAME_FR "RMR de Lethbridge" VB #</Process><Process ToolSource="c:\program files (x86)\arcgis\desktop10.2\ArcToolbox\Toolboxes\Data Management Tools.tbx\CalculateField" Date="20170321" Time="090756">CalculateField CMHC_DA_Master_2017 Senior_ZONE_NAME_EN "Amos" VB #</Process><Process ToolSource="c:\program files (x86)\arcgis\desktop10.2\ArcToolbox\Toolboxes\Data Management Tools.tbx\CalculateField" Date="20170321" Time="090801">CalculateField CMHC_DA_Master_2017 Senior_ZONE_NAME_FR "Amos" VB #</Process><Process ToolSource="c:\program files (x86)\arcgis\desktop10.2\ArcToolbox\Toolboxes\Data Management Tools.tbx\CalculateField" Date="20170321" Time="125031">CalculateField CMHC_DA_Master_2017 Senior_INT1_NAME_FR "Laval/Rive-Nord" VB #</Process><Process ToolSource="c:\program files (x86)\arcgis\desktop10.2\ArcToolbox\Toolboxes\Data Management Tools.tbx\CalculateField" Date="20170321" Time="125102">CalculateField CMHC_DA_Master_2017 Senior_INT1_NAME_EN "Laval/North Shore" VB #</Process><Process ToolSource="c:\program files (x86)\arcgis\desktop10.2\ArcToolbox\Toolboxes\Data Management Tools.tbx\CalculateField" Date="20170321" Time="125114">CalculateField CMHC_DA_Master_2017 Senior_INT2_NAME_FR "RMR de Montréal" VB #</Process><Process ToolSource="c:\program files (x86)\arcgis\desktop10.2\ArcToolbox\Toolboxes\Data Management Tools.tbx\CalculateField" Date="20170321" Time="125138">CalculateField CMHC_DA_Master_2017 Senior_INT2_NAME_EN "Montréal CMA" VB #</Process><Process ToolSource="c:\program files (x86)\arcgis\desktop10.2\ArcToolbox\Toolboxes\Data Management Tools.tbx\CalculateField" Date="20170321" Time="125207">CalculateField CMHC_DA_Master_2017 Senior_ZONE "110464" VB #</Process><Process ToolSource="c:\program files (x86)\arcgis\desktop10.2\ArcToolbox\Toolboxes\Data Management Tools.tbx\CalculateField" Date="20170321" Time="125216">CalculateField CMHC_DA_Master_2017 Senior_INT1 "1104" VB #</Process><Process ToolSource="c:\program files (x86)\arcgis\desktop10.2\ArcToolbox\Toolboxes\Data Management Tools.tbx\CalculateField" Date="20170321" Time="125222">CalculateField CMHC_DA_Master_2017 Senior_INT2 "11" VB #</Process><Process ToolSource="c:\program files (x86)\arcgis\desktop10.2\ArcToolbox\Toolboxes\Data Management Tools.tbx\CalculateField" Date="20170321" Time="125254">CalculateField CMHC_DA_Master_2017 Senior_INT1_NAME_EN "Saint-Jean-sur-Richelieu" VB #</Process><Process ToolSource="c:\program files (x86)\arcgis\desktop10.2\ArcToolbox\Toolboxes\Data Management Tools.tbx\CalculateField" Date="20170321" Time="125300">CalculateField CMHC_DA_Master_2017 Senior_INT1_NAME_FR "Saint-Jean-sur-Richelieu" VB #</Process><Process ToolSource="c:\program files (x86)\arcgis\desktop10.2\ArcToolbox\Toolboxes\Data Management Tools.tbx\CalculateField" Date="20170321" Time="125317">CalculateField CMHC_DA_Master_2017 Senior_ZONE "110678" VB #</Process><Process ToolSource="c:\program files (x86)\arcgis\desktop10.2\ArcToolbox\Toolboxes\Data Management Tools.tbx\CalculateField" Date="20170321" Time="125324">CalculateField CMHC_DA_Master_2017 Senior_INT1 "1106" VB #</Process><Process ToolSource="c:\program files (x86)\arcgis\desktop10.2\ArcToolbox\Toolboxes\Data Management Tools.tbx\CalculateField" Date="20170321" Time="125331">CalculateField CMHC_DA_Master_2017 Senior_INT2 "11" VB #</Process><Process ToolSource="c:\program files (x86)\arcgis\desktop10.2\ArcToolbox\Toolboxes\Data Management Tools.tbx\CalculateField" Date="20170321" Time="125359">CalculateField CMHC_DA_Master_2017 Senior_ZONE_UID "[PRUID]+ [Senior_ZONE]" VB #</Process><Process ToolSource="c:\program files (x86)\arcgis\desktop10.2\ArcToolbox\Toolboxes\Data Management Tools.tbx\CalculateField" Date="20170321" Time="125516">CalculateField CMHC_DA_Master_2017 Senior_INT2_NAME_EN "Montréal CMA" VB #</Process><Process ToolSource="c:\program files (x86)\arcgis\desktop10.2\ArcToolbox\Toolboxes\Data Management Tools.tbx\CalculateField" Date="20170405" Time="141306">CalculateField CMHC_DA_Master_2017 HMIP "0" VB #</Process><Process ToolSource="c:\program files (x86)\arcgis\desktop10.2\ArcToolbox\Toolboxes\Data Management Tools.tbx\CalculateField" Date="20170424" Time="134549">CalculateField CMHC_DA_Master_2017 Senior_ZONE_NAME_FR "Gatineau Périphérie" VB #</Process><Process ToolSource="c:\program files (x86)\arcgis\desktop10.2\ArcToolbox\Toolboxes\Data Management Tools.tbx\CalculateField" Date="20170424" Time="140038">CalculateField CMHC_DA_Master_2017 Senior_ZONE_NAME_FR "Gatineau Périphérie" VB #</Process><Process ToolSource="c:\program files (x86)\arcgis\desktop10.2\ArcToolbox\Toolboxes\Data Management Tools.tbx\CalculateField" Date="20170425" Time="141048">CalculateField "CMHC_DA_Master_2017 selection" HN_Name_EN "Belleville CY" VB #</Process><Process ToolSource="c:\program files (x86)\arcgis\desktop10.2\ArcToolbox\Toolboxes\Data Management Tools.tbx\CalculateField" Date="20170425" Time="141051">CalculateField "CMHC_DA_Master_2017 selection" HN_Name_FR "Belleville CY" VB #</Process><Process ToolSource="c:\program files (x86)\arcgis\desktop10.2\ArcToolbox\Toolboxes\Data Management Tools.tbx\CalculateField" Date="20170425" Time="141100">CalculateField "CMHC_DA_Master_2017 selection" HN_MET_CODE "0122" VB #</Process><Process ToolSource="c:\program files (x86)\arcgis\desktop10.2\ArcToolbox\Toolboxes\Data Management Tools.tbx\CalculateField" Date="20170425" Time="141109">CalculateField "CMHC_DA_Master_2017 selection" HN_Zone "01" VB #</Process><Process ToolSource="c:\program files (x86)\arcgis\desktop10.2\ArcToolbox\Toolboxes\Data Management Tools.tbx\CalculateField" Date="20170425" Time="141120">CalculateField "CMHC_DA_Master_2017 selection" METHN_UID "012201" VB #</Process><Process ToolSource="c:\program files (x86)\arcgis\desktop10.2\ArcToolbox\Toolboxes\Data Management Tools.tbx\CalculateField" Date="20170505" Time="131335">CalculateField CMHC_DA_Master_2017 HN_Name_FR "Wilmot TP" VB #</Process><Process ToolSource="c:\program files (x86)\arcgis\desktop10.2\ArcToolbox\Toolboxes\Data Management Tools.tbx\CalculateField" Date="20170505" Time="131346">CalculateField CMHC_DA_Master_2017 HN_Name_EN "Wilmot TP" VB #</Process><Process ToolSource="c:\program files (x86)\arcgis\desktop10.2\ArcToolbox\Toolboxes\Data Management Tools.tbx\CalculateField" Date="20170505" Time="131359">CalculateField CMHC_DA_Master_2017 HN_Zone "09" VB #</Process><Process ToolSource="c:\program files (x86)\arcgis\desktop10.2\ArcToolbox\Toolboxes\Data Management Tools.tbx\CalculateField" Date="20170505" Time="131410">CalculateField CMHC_DA_Master_2017 METHN_UID "085009" VB #</Process><Process ToolSource="c:\program files (x86)\arcgis\desktop10.2\ArcToolbox\Toolboxes\Data Management Tools.tbx\CalculateField" Date="20171109" Time="122530">CalculateField CMHC_DA_Master_2017 ZONE_NAME_EN "Three Townships" VB #</Process><Process ToolSource="c:\program files (x86)\arcgis\desktop10.2\ArcToolbox\Toolboxes\Data Management Tools.tbx\CalculateField" Date="20171109" Time="122554">CalculateField CMHC_DA_Master_2017 ZONE_NAME_FR "Trois cantons" VB #</Process><Process ToolSource="c:\program files (x86)\arcgis\desktop10.2\ArcToolbox\Toolboxes\Data Management Tools.tbx\CalculateField" Date="20171109" Time="122610">CalculateField CMHC_DA_Master_2017 ZONE_NAME_LONG_EN "Three Townships" VB #</Process><Process ToolSource="c:\program files (x86)\arcgis\desktop10.2\ArcToolbox\Toolboxes\Data Management Tools.tbx\CalculateField" Date="20171109" Time="122627">CalculateField CMHC_DA_Master_2017 ZONE_NAME_LONG_FR "Trois cantons" VB #</Process><Process ToolSource="c:\program files (x86)\arcgis\desktop10.2\ArcToolbox\Toolboxes\Data Management Tools.tbx\CalculateField" Date="20171227" Time="151540">CalculateField CMHC_DA_Master_2017 CMHC_CSDUID [CSDUID] VB #</Process><Process ToolSource="c:\program files (x86)\arcgis\desktop10.2\ArcToolbox\Toolboxes\Data Management Tools.tbx\CalculateField" Date="20180103" Time="164126">CalculateField CMHC_DA_Master_2017 Senior_INT2 "10" VB #</Process><Process ToolSource="c:\program files (x86)\arcgis\desktop10.2\ArcToolbox\Toolboxes\Data Management Tools.tbx\CalculateField" Date="20180103" Time="164141">CalculateField CMHC_DA_Master_2017 Senior_INT2_NAME_EN "Outaouais" VB #</Process><Process ToolSource="c:\program files (x86)\arcgis\desktop10.2\ArcToolbox\Toolboxes\Data Management Tools.tbx\CalculateField" Date="20180103" Time="164147">CalculateField CMHC_DA_Master_2017 Senior_INT2_NAME_FR "Outaouais" VB #</Process><Process ToolSource="c:\program files (x86)\arcgis\desktop10.2\ArcToolbox\Toolboxes\Data Management Tools.tbx\CalculateField" Date="20180103" Time="164225">CalculateField CMHC_DA_Master_2017 Senior_INT1 "!Senior_INT2! + !Senior_INT1![2:]" PYTHON_9.3 #</Process><Process ToolSource="c:\program files (x86)\arcgis\desktop10.2\ArcToolbox\Toolboxes\Data Management Tools.tbx\CalculateField" Date="20180103" Time="164246">CalculateField CMHC_DA_Master_2017 Senior_ZONE "!Senior_INT2! + !Senior_ZONE![2:]" PYTHON_9.3 #</Process><Process ToolSource="c:\program files (x86)\arcgis\desktop10.2\ArcToolbox\Toolboxes\Data Management Tools.tbx\CalculateField" Date="20180103" Time="164624">CalculateField CMHC_DA_Master_2017 Senior_INT1_NAME_EN "Remainder of Outaouais" VB #</Process><Process ToolSource="c:\program files (x86)\arcgis\desktop10.2\ArcToolbox\Toolboxes\Data Management Tools.tbx\CalculateField" Date="20180103" Time="164629">CalculateField CMHC_DA_Master_2017 Senior_ZONE_NAME_EN "Remainder of Outaouais" VB #</Process><Process ToolSource="c:\program files (x86)\arcgis\desktop10.2\ArcToolbox\Toolboxes\Data Management Tools.tbx\CalculateField" Date="20180103" Time="164638">CalculateField CMHC_DA_Master_2017 Senior_INT1_NAME_FR ""Reste de l'Outaouais"" VB #</Process><Process ToolSource="c:\program files (x86)\arcgis\desktop10.2\ArcToolbox\Toolboxes\Data Management Tools.tbx\CalculateField" Date="20180103" Time="164703">CalculateField CMHC_DA_Master_2017 Senior_ZONE_NAME_FR ""Reste de l'Outaouais"" VB #</Process><Process ToolSource="c:\program files (x86)\arcgis\desktop10.2\ArcToolbox\Toolboxes\Data Management Tools.tbx\CalculateField" Date="20180103" Time="165028">CalculateField CMHC_DA_Master_2017 Senior_INT2 "12" VB #</Process><Process ToolSource="c:\program files (x86)\arcgis\desktop10.2\ArcToolbox\Toolboxes\Data Management Tools.tbx\CalculateField" Date="20180103" Time="165322">CalculateField CMHC_DA_Master_2017 Senior_INT1 "!Senior_INT2! + !Senior_INT1![2:]" PYTHON_9.3 #</Process><Process ToolSource="c:\program files (x86)\arcgis\desktop10.2\ArcToolbox\Toolboxes\Data Management Tools.tbx\CalculateField" Date="20180103" Time="165334">CalculateField CMHC_DA_Master_2017 Senior_ZONE "!Senior_INT2! + !Senior_ZONE![2:]" PYTHON_9.3 #</Process><Process ToolSource="c:\program files (x86)\arcgis\desktop10.2\ArcToolbox\Toolboxes\Data Management Tools.tbx\CalculateField" Date="20180103" Time="165428">CalculateField CMHC_DA_Master_2017 Senior_INT1_NAME_EN "Capitale-Nationale" VB #</Process><Process ToolSource="c:\program files (x86)\arcgis\desktop10.2\ArcToolbox\Toolboxes\Data Management Tools.tbx\CalculateField" Date="20180103" Time="165435">CalculateField CMHC_DA_Master_2017 Senior_INT1_NAME_FR "Capitale-Nationale" VB #</Process><Process ToolSource="c:\program files (x86)\arcgis\desktop10.2\ArcToolbox\Toolboxes\Data Management Tools.tbx\CalculateField" Date="20180103" Time="165439">CalculateField CMHC_DA_Master_2017 Senior_ZONE_NAME_EN "Capitale-Nationale" VB #</Process><Process ToolSource="c:\program files (x86)\arcgis\desktop10.2\ArcToolbox\Toolboxes\Data Management Tools.tbx\CalculateField" Date="20180103" Time="165444">CalculateField CMHC_DA_Master_2017 Senior_ZONE_NAME_FR "Capitale-Nationale" VB #</Process><Process ToolSource="c:\program files (x86)\arcgis\desktop10.2\ArcToolbox\Toolboxes\Data Management Tools.tbx\CalculateField" Date="20180103" Time="165917">CalculateField CMHC_DA_Master_2017 Senior_INT1 "1225" VB #</Process><Process ToolSource="c:\program files (x86)\arcgis\desktop10.2\ArcToolbox\Toolboxes\Data Management Tools.tbx\CalculateField" Date="20180103" Time="165925">CalculateField CMHC_DA_Master_2017 Senior_ZONE "122546" VB #</Process><Process ToolSource="c:\program files (x86)\arcgis\desktop10.2\ArcToolbox\Toolboxes\Data Management Tools.tbx\CalculateField" Date="20180103" Time="165947">CalculateField CMHC_DA_Master_2017 Senior_INT1_NAME_EN "Capitale-Nationale" VB #</Process><Process ToolSource="c:\program files (x86)\arcgis\desktop10.2\ArcToolbox\Toolboxes\Data Management Tools.tbx\CalculateField" Date="20180103" Time="165951">CalculateField CMHC_DA_Master_2017 Senior_INT1_NAME_FR "Capitale-Nationale" VB #</Process><Process ToolSource="c:\program files (x86)\arcgis\desktop10.2\ArcToolbox\Toolboxes\Data Management Tools.tbx\CalculateField" Date="20180103" Time="165955">CalculateField CMHC_DA_Master_2017 Senior_ZONE_NAME_EN "Capitale-Nationale" VB #</Process><Process ToolSource="c:\program files (x86)\arcgis\desktop10.2\ArcToolbox\Toolboxes\Data Management Tools.tbx\CalculateField" Date="20180103" Time="165959">CalculateField CMHC_DA_Master_2017 Senior_ZONE_NAME_FR "Capitale-Nationale" VB #</Process><Process ToolSource="c:\program files (x86)\arcgis\desktop10.2\ArcToolbox\Toolboxes\Data Management Tools.tbx\CalculateField" Date="20180103" Time="170343">CalculateField CMHC_DA_Master_2017 Senior_INT2_NAME_EN "Capitale-Nationale" VB #</Process><Process ToolSource="c:\program files (x86)\arcgis\desktop10.2\ArcToolbox\Toolboxes\Data Management Tools.tbx\CalculateField" Date="20180103" Time="170347">CalculateField CMHC_DA_Master_2017 Senior_INT2_NAME_FR "Capitale-Nationale" VB #</Process><Process ToolSource="c:\program files (x86)\arcgis\desktop10.2\ArcToolbox\Toolboxes\Data Management Tools.tbx\CalculateField" Date="20180103" Time="170632">CalculateField CMHC_DA_Master_2017 Senior_INT2 "13" VB #</Process><Process ToolSource="c:\program files (x86)\arcgis\desktop10.2\ArcToolbox\Toolboxes\Data Management Tools.tbx\CalculateField" Date="20180103" Time="170848">CalculateField CMHC_DA_Master_2017 Senior_INT1 "1301" VB #</Process><Process ToolSource="c:\program files (x86)\arcgis\desktop10.2\ArcToolbox\Toolboxes\Data Management Tools.tbx\CalculateField" Date="20180103" Time="170959">CalculateField CMHC_DA_Master_2017 Senior_INT1 "1300" VB #</Process><Process ToolSource="c:\program files (x86)\arcgis\desktop10.2\ArcToolbox\Toolboxes\Data Management Tools.tbx\CalculateField" Date="20180103" Time="171028">CalculateField CMHC_DA_Master_2017 Senior_INT2_NAME_EN "Saguenay/Lac-Saint-Jean" VB #</Process><Process ToolSource="c:\program files (x86)\arcgis\desktop10.2\ArcToolbox\Toolboxes\Data Management Tools.tbx\CalculateField" Date="20180103" Time="171039">CalculateField CMHC_DA_Master_2017 Senior_INT2_NAME_FR "Saguenay/Lac-Saint-Jean" VB #</Process><Process ToolSource="c:\program files (x86)\arcgis\desktop10.2\ArcToolbox\Toolboxes\Data Management Tools.tbx\CalculateField" Date="20180103" Time="171136">CalculateField CMHC_DA_Master_2017 Senior_ZONE_NAME_FR "Saguenay/Lac-Saint-Jean" VB #</Process><Process ToolSource="c:\program files (x86)\arcgis\desktop10.2\ArcToolbox\Toolboxes\Data Management Tools.tbx\CalculateField" Date="20180103" Time="171148">CalculateField CMHC_DA_Master_2017 Senior_ZONE_NAME_EN "Saguenay/Lac-Saint-Jean" VB #</Process><Process ToolSource="c:\program files (x86)\arcgis\desktop10.2\ArcToolbox\Toolboxes\Data Management Tools.tbx\CalculateField" Date="20180103" Time="171240">CalculateField CMHC_DA_Master_2017 Senior_ZONE "!Senior_INT1! + !Senior_ZONE! [4:]" PYTHON_9.3 #</Process><Process ToolSource="c:\program files (x86)\arcgis\desktop10.2\ArcToolbox\Toolboxes\Data Management Tools.tbx\CalculateField" Date="20180103" Time="171354">CalculateField CMHC_DA_Master_2017 Senior_INT1_NAME_EN "Outaouais" PYTHON_9.3 #</Process><Process ToolSource="c:\program files (x86)\arcgis\desktop10.2\ArcToolbox\Toolboxes\Data Management Tools.tbx\CalculateField" Date="20180103" Time="171359">CalculateField CMHC_DA_Master_2017 Senior_INT1_NAME_FR "Outaouais" PYTHON_9.3 #</Process><Process ToolSource="c:\program files (x86)\arcgis\desktop10.2\ArcToolbox\Toolboxes\Data Management Tools.tbx\CalculateField" Date="20180103" Time="171408">CalculateField CMHC_DA_Master_2017 Senior_ZONE_NAME_EN "Outaouais" PYTHON_9.3 #</Process><Process ToolSource="c:\program files (x86)\arcgis\desktop10.2\ArcToolbox\Toolboxes\Data Management Tools.tbx\CalculateField" Date="20180103" Time="171415">CalculateField CMHC_DA_Master_2017 Senior_ZONE_NAME_FR "Outaouais" PYTHON_9.3 #</Process><Process ToolSource="c:\program files (x86)\arcgis\desktop10.2\ArcToolbox\Toolboxes\Data Management Tools.tbx\CalculateField" Date="20180103" Time="171445">CalculateField CMHC_DA_Master_2017 Senior_INT1_NAME_EN "Nord-du-Québec" PYTHON_9.3 #</Process><Process ToolSource="c:\program files (x86)\arcgis\desktop10.2\ArcToolbox\Toolboxes\Data Management Tools.tbx\CalculateField" Date="20180103" Time="171449">CalculateField CMHC_DA_Master_2017 Senior_INT1_NAME_FR "Nord-du-Québec" PYTHON_9.3 #</Process><Process ToolSource="c:\program files (x86)\arcgis\desktop10.2\ArcToolbox\Toolboxes\Data Management Tools.tbx\CalculateField" Date="20180103" Time="171453">CalculateField CMHC_DA_Master_2017 Senior_ZONE_NAME_EN "Nord-du-Québec" PYTHON_9.3 #</Process><Process ToolSource="c:\program files (x86)\arcgis\desktop10.2\ArcToolbox\Toolboxes\Data Management Tools.tbx\CalculateField" Date="20180103" Time="171457">CalculateField CMHC_DA_Master_2017 Senior_ZONE_NAME_FR "Nord-du-Québec" PYTHON_9.3 #</Process><Process ToolSource="c:\program files (x86)\arcgis\desktop10.2\ArcToolbox\Toolboxes\Data Management Tools.tbx\CalculateField" Date="20180103" Time="171645">CalculateField CMHC_DA_Master_2017 Senior_INT2 "10" PYTHON_9.3 #</Process><Process ToolSource="c:\program files (x86)\arcgis\desktop10.2\ArcToolbox\Toolboxes\Data Management Tools.tbx\CalculateField" Date="20180103" Time="171653">CalculateField CMHC_DA_Master_2017 Senior_INT1 "1062" PYTHON_9.3 #</Process><Process ToolSource="c:\program files (x86)\arcgis\desktop10.2\ArcToolbox\Toolboxes\Data Management Tools.tbx\CalculateField" Date="20180103" Time="171702">CalculateField CMHC_DA_Master_2017 Senior_ZONE "106283" PYTHON_9.3 #</Process><Process ToolSource="c:\program files (x86)\arcgis\desktop10.2\ArcToolbox\Toolboxes\Data Management Tools.tbx\CalculateField" Date="20180103" Time="171714">CalculateField CMHC_DA_Master_2017 Senior_INT1_NAME_EN "Outaouais" PYTHON_9.3 #</Process><Process ToolSource="c:\program files (x86)\arcgis\desktop10.2\ArcToolbox\Toolboxes\Data Management Tools.tbx\CalculateField" Date="20180103" Time="171718">CalculateField CMHC_DA_Master_2017 Senior_INT1_NAME_FR "Outaouais" PYTHON_9.3 #</Process><Process ToolSource="c:\program files (x86)\arcgis\desktop10.2\ArcToolbox\Toolboxes\Data Management Tools.tbx\CalculateField" Date="20180103" Time="171722">CalculateField CMHC_DA_Master_2017 Senior_ZONE_NAME_EN "Outaouais" PYTHON_9.3 #</Process><Process ToolSource="c:\program files (x86)\arcgis\desktop10.2\ArcToolbox\Toolboxes\Data Management Tools.tbx\CalculateField" Date="20180103" Time="171728">CalculateField CMHC_DA_Master_2017 Senior_ZONE_NAME_FR "Outaouais" PYTHON_9.3 #</Process><Process ToolSource="c:\program files (x86)\arcgis\desktop10.2\ArcToolbox\Toolboxes\Data Management Tools.tbx\CalculateField" Date="20180104" Time="161653">CalculateField CMHC_DA_Master_2018 HN_Zone "16" VB #</Process><Process ToolSource="c:\program files (x86)\arcgis\desktop10.2\ArcToolbox\Toolboxes\Data Management Tools.tbx\CalculateField" Date="20180104" Time="161701">CalculateField CMHC_DA_Master_2018 HN_Name_EN "Zone 16" VB #</Process><Process ToolSource="c:\program files (x86)\arcgis\desktop10.2\ArcToolbox\Toolboxes\Data Management Tools.tbx\CalculateField" Date="20180104" Time="161704">CalculateField CMHC_DA_Master_2018 HN_Name_FR "Zone 16" VB #</Process><Process ToolSource="c:\program files (x86)\arcgis\desktop10.2\ArcToolbox\Toolboxes\Data Management Tools.tbx\CalculateField" Date="20180105" Time="082257">CalculateField CMHC_DA_Master_2018 HN_Zone "07" VB #</Process><Process ToolSource="c:\program files (x86)\arcgis\desktop10.2\ArcToolbox\Toolboxes\Data Management Tools.tbx\CalculateField" Date="20180105" Time="082308">CalculateField CMHC_DA_Master_2018 METHN_UID "170007" VB #</Process><Process ToolSource="c:\program files (x86)\arcgis\desktop10.2\ArcToolbox\Toolboxes\Data Management Tools.tbx\CalculateField" Date="20180105" Time="082322">CalculateField CMHC_DA_Master_2018 HN_Name_EN "West" VB #</Process><Process ToolSource="c:\program files (x86)\arcgis\desktop10.2\ArcToolbox\Toolboxes\Data Management Tools.tbx\CalculateField" Date="20180105" Time="082332">CalculateField CMHC_DA_Master_2018 HN_Name_FR "Ouest" VB #</Process><Process ToolSource="c:\program files (x86)\arcgis\desktop10.2\ArcToolbox\Toolboxes\Data Management Tools.tbx\CalculateField" Date="20180105" Time="092527">CalculateField CMHC_DA_Master_2018 CONDO_ZONE "02" VB #</Process><Process ToolSource="c:\program files (x86)\arcgis\desktop10.2\ArcToolbox\Toolboxes\Data Management Tools.tbx\CalculateField" Date="20180105" Time="092538">CalculateField CMHC_DA_Master_2018 METCONDO_UID "106002" VB #</Process><Process ToolSource="c:\program files (x86)\arcgis\desktop10.2\ArcToolbox\Toolboxes\Data Management Tools.tbx\CalculateField" Date="20180105" Time="092608">CalculateField CMHC_DA_Master_2018 CONDO_NAME_EN "Outer Centre" VB #</Process><Process ToolSource="c:\program files (x86)\arcgis\desktop10.2\ArcToolbox\Toolboxes\Data Management Tools.tbx\CalculateField" Date="20180105" Time="092621">CalculateField CMHC_DA_Master_2018 CONDO_NAME_FR "Péricentre" VB #</Process><Process ToolSource="c:\program files (x86)\arcgis\desktop10.2\ArcToolbox\Toolboxes\Data Management Tools.tbx\CalculateField" Date="20180108" Time="121235">CalculateField CMHC_DA_Master_2018 NBHD_CODE "600" VB #</Process><Process ToolSource="c:\program files (x86)\arcgis\desktop10.2\ArcToolbox\Toolboxes\Data Management Tools.tbx\CalculateField" Date="20180108" Time="121242">CalculateField CMHC_DA_Master_2018 METNBHD_UID "3300600" VB #</Process><Process ToolSource="c:\program files (x86)\arcgis\desktop10.2\ArcToolbox\Toolboxes\Data Management Tools.tbx\CalculateField" Date="20180108" Time="121253">CalculateField CMHC_DA_Master_2018 NBHD_NAME_EN "Cornwall" VB #</Process><Process ToolSource="c:\program files (x86)\arcgis\desktop10.2\ArcToolbox\Toolboxes\Data Management Tools.tbx\CalculateField" Date="20180108" Time="121256">CalculateField CMHC_DA_Master_2018 NBHD_NAME_LONG_EN "Cornwall" VB #</Process><Process ToolSource="c:\program files (x86)\arcgis\desktop10.2\ArcToolbox\Toolboxes\Data Management Tools.tbx\CalculateField" Date="20180108" Time="121259">CalculateField CMHC_DA_Master_2018 NBHD_NAME_FR "Cornwall" VB #</Process><Process ToolSource="c:\program files (x86)\arcgis\desktop10.2\ArcToolbox\Toolboxes\Data Management Tools.tbx\CalculateField" Date="20180108" Time="121301">CalculateField CMHC_DA_Master_2018 NBHD_NAME_LONG_FR "Cornwall" VB #</Process><Process ToolSource="c:\program files (x86)\arcgis\desktop10.2\ArcToolbox\Toolboxes\Data Management Tools.tbx\CalculateField" Date="20180108" Time="121342">CalculateField CMHC_DA_Master_2018 NBHD_CODE "750" VB #</Process><Process ToolSource="c:\program files (x86)\arcgis\desktop10.2\ArcToolbox\Toolboxes\Data Management Tools.tbx\CalculateField" Date="20180108" Time="121349">CalculateField CMHC_DA_Master_2018 METNBHD_UID "3300750" VB #</Process><Process ToolSource="c:\program files (x86)\arcgis\desktop10.2\ArcToolbox\Toolboxes\Data Management Tools.tbx\CalculateField" Date="20180108" Time="121400">CalculateField CMHC_DA_Master_2018 NBHD_NAME_EN "Stratford" VB #</Process><Process ToolSource="c:\program files (x86)\arcgis\desktop10.2\ArcToolbox\Toolboxes\Data Management Tools.tbx\CalculateField" Date="20180108" Time="121403">CalculateField CMHC_DA_Master_2018 NBHD_NAME_LONG_EN "Stratford" VB #</Process><Process ToolSource="c:\program files (x86)\arcgis\desktop10.2\ArcToolbox\Toolboxes\Data Management Tools.tbx\CalculateField" Date="20180108" Time="121406">CalculateField CMHC_DA_Master_2018 NBHD_NAME_FR "Stratford" VB #</Process><Process ToolSource="c:\program files (x86)\arcgis\desktop10.2\ArcToolbox\Toolboxes\Data Management Tools.tbx\CalculateField" Date="20180108" Time="121409">CalculateField CMHC_DA_Master_2018 NBHD_NAME_LONG_FR "Stratford" VB #</Process><Process ToolSource="c:\program files (x86)\arcgis\desktop10.2\ArcToolbox\Toolboxes\Data Management Tools.tbx\Dissolve" Date="20180108" Time="150022">Dissolve CMHC_DA_Master_2018 \\natn4\nat_shrdata\MAC\GIS\Data\CMHC\CMHC_2018_work.gdb\NBHD_2018_NEW METNBHD_UID "MET_CODE FIRST;NBHD_CODE FIRST;NBHD_NAME_EN FIRST;NBHD_NAME_LONG_EN FIRST;NBHD_NAME_FR FIRST;NBHD_NAME_LONG_FR FIRST;ZONE_CODE FIRST" MULTI_PART DISSOLVE_LINES</Process><Process ToolSource="c:\program files (x86)\arcgis\desktop10.2\ArcToolbox\Toolboxes\Data Management Tools.tbx\CalculateField" Date="20180108" Time="150336">CalculateField NBHD_2018_Final GEO_LAYER_ID [METNBHD_UID] VB #</Process><Process ToolSource="c:\program files (x86)\arcgis\desktop10.2\ArcToolbox\Toolboxes\Data Management Tools.tbx\CalculateField" Date="20180108" Time="150405">CalculateField NBHD_2018_Final NAME_EN [NBHD_NAME_EN] VB #</Process><Process ToolSource="c:\program files (x86)\arcgis\desktop10.2\ArcToolbox\Toolboxes\Data Management Tools.tbx\CalculateField" Date="20180108" Time="150424">CalculateField NBHD_2018_Final NAME_FR [NBHD_NAME_FR] VB #</Process><Process ToolSource="c:\program files (x86)\arcgis\desktop10.2\ArcToolbox\Toolboxes\Data Management Tools.tbx\CalculateField" Date="20180108" Time="174444">CalculateField NBHD_2018 ZONE_CODE "02" VB #</Process><Process ToolSource="c:\program files (x86)\arcgis\desktop10.2\ArcToolbox\Toolboxes\Data Management Tools.tbx\CalculateField" Date="20180108" Time="174454">CalculateField NBHD_2018 ZONE_CODE "04" VB #</Process></lineage><itemProps><itemName Sync="TRUE">NBHD_2018_NEW</itemName><imsContentType Sync="TRUE">002</imsContentType><itemLocation><linkage Sync="TRUE">file://\\natn4\NAT_shrdata\MAC\GIS\Data\CMHC\CMHC_2019.gdb</linkage><protocol Sync="TRUE">Local Area Network</protocol></itemLocation></itemProps><coordRef><type Sync="TRUE">Projected</type><geogcsn Sync="TRUE">GCS_WGS_1984_Major_Auxiliary_Sphere</geogcsn><csUnits Sync="TRUE">Linear Unit: Meter (1.000000)</csUnits><projcsn Sync="TRUE">WGS_1984_Web_Mercator</projcsn><peXml Sync="TRUE">&lt;ProjectedCoordinateSystem xsi:type='typens:ProjectedCoordinateSystem' xmlns:xsi='http://www.w3.org/2001/XMLSchema-instance' xmlns:xs='http://www.w3.org/2001/XMLSchema' xmlns:typens='http://www.esri.com/schemas/ArcGIS/10.1'&gt;&lt;WKT&gt;PROJCS[&amp;quot;WGS_1984_Web_Mercator&amp;quot;,GEOGCS[&amp;quot;GCS_WGS_1984_Major_Auxiliary_Sphere&amp;quot;,DATUM[&amp;quot;D_WGS_1984_Major_Auxiliary_Sphere&amp;quot;,SPHEROID[&amp;quot;WGS_1984_Major_Auxiliary_Sphere&amp;quot;,6378137.0,0.0]],PRIMEM[&amp;quot;Greenwich&amp;quot;,0.0],UNIT[&amp;quot;Degree&amp;quot;,0.0174532925199433]],PROJECTION[&amp;quot;Mercator&amp;quot;],PARAMETER[&amp;quot;False_Easting&amp;quot;,0.0],PARAMETER[&amp;quot;False_Northing&amp;quot;,0.0],PARAMETER[&amp;quot;Central_Meridian&amp;quot;,0.0],PARAMETER[&amp;quot;Standard_Parallel_1&amp;quot;,0.0],UNIT[&amp;quot;Meter&amp;quot;,1.0],AUTHORITY[&amp;quot;EPSG&amp;quot;,3785]]&lt;/WKT&gt;&lt;XOrigin&gt;-20037700&lt;/XOrigin&gt;&lt;YOrigin&gt;-30241100&lt;/YOrigin&gt;&lt;XYScale&gt;145892780.61766541&lt;/XYScale&gt;&lt;ZOrigin&gt;-100000&lt;/ZOrigin&gt;&lt;ZScale&gt;10000&lt;/ZScale&gt;&lt;MOrigin&gt;-100000&lt;/MOrigin&gt;&lt;MScale&gt;10000&lt;/MScale&gt;&lt;XYTolerance&gt;0.001&lt;/XYTolerance&gt;&lt;ZTolerance&gt;0.001&lt;/ZTolerance&gt;&lt;MTolerance&gt;0.001&lt;/MTolerance&gt;&lt;HighPrecision&gt;true&lt;/HighPrecision&gt;&lt;WKID&gt;102113&lt;/WKID&gt;&lt;LatestWKID&gt;3785&lt;/LatestWKID&gt;&lt;/ProjectedCoordinateSystem&gt;</peXml></coordRef></DataProperties><SyncDate>20180108</SyncDate><SyncTime>14594700</SyncTime><ModDate>20180108</ModDate><ModTime>14594700</ModTime></Esri><dataIdInfo><envirDesc Sync="TRUE">Microsoft Windows 7 Version 6.1 (Build 7601) Service Pack 1; Esri ArcGIS 10.2.2.3552</envirDesc><dataLang><languageCode value="eng" Sync="TRUE"></languageCode><countryCode value="CAN" Sync="TRUE"></countryCode></dataLang><idCitation><resTitle Sync="TRUE">NBHD_2018_NEW</resTitle><presForm><PresFormCd value="005" Sync="TRUE"></PresFormCd></presForm></idCitation><spatRpType><SpatRepTypCd value="001" Sync="TRUE"></SpatRepTypCd></spatRpType></dataIdInfo><mdLang><languageCode value="eng" Sync="TRUE"></languageCode><countryCode value="CAN" Sync="TRUE"></countryCode></mdLang><distInfo><distFormat><formatName Sync="TRUE">File Geodatabase Feature Class</formatName></distFormat></distInfo><mdHrLv><ScopeCd value="005" Sync="TRUE"></ScopeCd></mdHrLv><mdHrLvName Sync="TRUE">dataset</mdHrLvName><refSysInfo><RefSystem><refSysID><identCode code="3785" Sync="TRUE"></identCode><idCodeSpace Sync="TRUE">EPSG</idCodeSpace><idVersion Sync="TRUE">8.2.6</idVersion></refSysID></RefSystem></refSysInfo><spatRepInfo><VectSpatRep><geometObjs Name="NBHD_2018_NEW"><geoObjTyp><GeoObjTypCd value="002" Sync="TRUE"></GeoObjTypCd></geoObjTyp><geoObjCnt Sync="TRUE">0</geoObjCnt></geometObjs><topLvl><TopoLevCd value="001" Sync="TRUE"></TopoLevCd></topLvl></VectSpatRep></spatRepInfo><spdoinfo><ptvctinf><esriterm Name="NBHD_2018_NEW"><efeatyp Sync="TRUE">Simple</efeatyp><efeageom code="4" Sync="TRUE"></efeageom><esritopo Sync="TRUE">FALSE</esritopo><efeacnt Sync="TRUE">0</efeacnt><spindex Sync="TRUE">TRUE</spindex><linrefer Sync="TRUE">FALSE</linrefer></esriterm></ptvctinf></spdoinfo><eainfo><detailed Name="NBHD_2018_NEW"><enttyp><enttypl Sync="TRUE">NBHD_2018_NEW</enttypl><enttypt Sync="TRUE">Feature Class</enttypt><enttypc Sync="TRUE">0</enttypc></enttyp><attr><attrlabl Sync="TRUE">OBJECTID</attrlabl><attalias Sync="TRUE">OBJECTID</attalias><attrtype Sync="TRUE">OID</attrtype><attwidth Sync="TRUE">4</attwidth><atprecis Sync="TRUE">0</atprecis><attscale Sync="TRUE">0</attscale><attrdef Sync="TRUE">Internal feature number.</attrdef><attrdefs Sync="TRUE">Esri</attrdefs><attrdomv><udom Sync="TRUE">Sequential unique whole numbers that are automatically generated.</udom></attrdomv></attr><attr><attrlabl Sync="TRUE">Shape</attrlabl><attalias Sync="TRUE">Shape</attalias><attrtype Sync="TRUE">Geometry</attrtype><attwidth Sync="TRUE">0</attwidth><atprecis Sync="TRUE">0</atprecis><attscale Sync="TRUE">0</attscale><attrdef Sync="TRUE">Feature geometry.</attrdef><attrdefs Sync="TRUE">Esri</attrdefs><attrdomv><udom Sync="TRUE">Coordinates defining the features.</udom></attrdomv></attr><attr><attrlabl Sync="TRUE">METNBHD_UID</attrlabl><attalias Sync="TRUE">METNBHD_UID</attalias><attrtype Sync="TRUE">String</attrtype><attwidth Sync="TRUE">7</attwidth><atprecis Sync="TRUE">0</atprecis><attscale Sync="TRUE">0</attscale></attr><attr><attrlabl Sync="TRUE">FIRST_MET_CODE</attrlabl><attalias Sync="TRUE">MET_CODE</attalias><attrtype Sync="TRUE">String</attrtype><attwidth Sync="TRUE">255</attwidth><atprecis Sync="TRUE">0</atprecis><attscale Sync="TRUE">0</attscale></attr><attr><attrlabl Sync="TRUE">FIRST_NBHD_CODE</attrlabl><attalias Sync="TRUE">NBHD_CODE</attalias><attrtype Sync="TRUE">String</attrtype><attwidth Sync="TRUE">3</attwidth><atprecis Sync="TRUE">0</atprecis><attscale Sync="TRUE">0</attscale></attr><attr><attrlabl Sync="TRUE">FIRST_NBHD_NAME_EN</attrlabl><attalias Sync="TRUE">NBHD_NAME_EN</attalias><attrtype Sync="TRUE">String</attrtype><attwidth Sync="TRUE">50</attwidth><atprecis Sync="TRUE">0</atprecis><attscale Sync="TRUE">0</attscale></attr><attr><attrlabl Sync="TRUE">FIRST_NBHD_NAME_LONG_EN</attrlabl><attalias Sync="TRUE">NBHD_NAME_LONG_EN</attalias><attrtype Sync="TRUE">String</attrtype><attwidth Sync="TRUE">255</attwidth><atprecis Sync="TRUE">0</atprecis><attscale Sync="TRUE">0</attscale></attr><attr><attrlabl Sync="TRUE">FIRST_NBHD_NAME_FR</attrlabl><attalias Sync="TRUE">NBHD_NAME_FR</attalias><attrtype Sync="TRUE">String</attrtype><attwidth Sync="TRUE">50</attwidth><atprecis Sync="TRUE">0</atprecis><attscale Sync="TRUE">0</attscale></attr><attr><attrlabl Sync="TRUE">FIRST_NBHD_NAME_LONG_FR</attrlabl><attalias Sync="TRUE">NBHD_NAME_LONG_FR</attalias><attrtype Sync="TRUE">String</attrtype><attwidth Sync="TRUE">255</attwidth><atprecis Sync="TRUE">0</atprecis><attscale Sync="TRUE">0</attscale></attr><attr><attrlabl Sync="TRUE">FIRST_ZONE_CODE</attrlabl><attalias Sync="TRUE">ZONE_CODE</attalias><attrtype Sync="TRUE">String</attrtype><attwidth Sync="TRUE">2</attwidth><atprecis Sync="TRUE">0</atprecis><attscale Sync="TRUE">0</attscale></attr><attr><attrlabl Sync="TRUE">Shape_Length</attrlabl><attalias Sync="TRUE">Shape_Length</attalias><attrtype Sync="TRUE">Double</attrtype><attwidth Sync="TRUE">8</attwidth><atprecis Sync="TRUE">0</atprecis><attscale Sync="TRUE">0</attscale><attrdef Sync="TRUE">Length of feature in internal units.</attrdef><attrdefs Sync="TRUE">Esri</attrdefs><attrdomv><udom Sync="TRUE">Positive real numbers that are automatically generated.</udom></attrdomv></attr><attr><attrlabl Sync="TRUE">Shape_Area</attrlabl><attalias Sync="TRUE">Shape_Area</attalias><attrtype Sync="TRUE">Double</attrtype><attwidth Sync="TRUE">8</attwidth><atprecis Sync="TRUE">0</atprecis><attscale Sync="TRUE">0</attscale><attrdef Sync="TRUE">Area of feature in internal units squared.</attrdef><attrdefs Sync="TRUE">Esri</attrdefs><attrdomv><udom Sync="TRUE">Positive real numbers that are automatically generated.</udom></attrdomv></attr></detailed></eainfo><mdDateSt Sync="TRUE">20180108</mdDateSt></metadata>
